"year","country","total_visitors"
2015,Andorra,329
2015,Argentina,1745
2015,Australia,241187
2015,Austria,12267
2015,Bahrain,3562
2015,Bangladesh,4664
2015,Belgium,12825
2015,Brazil,3495
2015,Brunei,9015
2015,Cambodia,3503
2015,Canada,156363
2015,China,490841
2015,Colombia,1228
2015,Denmark,15269
2015,Egypt,1630
2015,Finland,6548
2015,France,45505
2015,Germany,75348
2015,Greece,2386
2015,Guam,35262
2015,Hong Kong,122180
2015,India,74824
2015,Indonesia,48178
2015,Iran,2505
2015,Ireland,14050
2015,Israel,11756
2015,Italy,21620
2015,Japan,495662
2015,Jordan,677
2015,Korea,1339678
2015,Kuwait,5440
2015,Laos,1231
2015,Luxembourg,687
2015,Macau,10160
2015,Malaysia,155814
2015,Mexico,3145
2015,Myanmar,7033
2015,Nauru,20
2015,Nepal,2908
2015,Netherlands,28632
2015,New Zealand,20579
2015,Nigeria,1430
2015,Norway,20968
2015,Pakistan,4346
2015,Papua New Guinea,5910
2015,Peru,561
2015,Poland,8030
2015,Portugal,2206
2015,Qatar,4472
2015,Residences,49074
2015,Russian Federation,25278
2015,Saudi Arabia,50884
2015,Singapore,181176
2015,South Africa,4570
2015,Spain,24144
2015,Sri Lanka,5292
2015,Sweden,23206
2015,Switzerland,27200
2015,Taiwan,177670
2015,Thailand,44038
2015,Turkey,6026
2015,United Arab Emirates,16881
2015,United Kingdom,154589
2015,Usa,779217
2015,Venezuela,221
2015,Vietnam,31579
2016,Andorra,364
2016,Argentina,2369
2016,Australia,251098
2016,Austria,13087
2016,Bahrain,3689
2016,Bangladesh,4516
2016,Belgium,14477
2016,Brazil,4520
2016,Brunei,8211
2016,Cambodia,3526
2016,Canada,175631
2016,China,675663
2016,Colombia,1431
2016,Denmark,18049
2016,Egypt,1985
2016,Finland,6318
2016,France,55384
2016,Germany,86363
2016,Greece,2483
2016,Guam,38777
2016,Hong Kong,116328
2016,India,90816
2016,Indonesia,44348
2016,Iran,2720
2016,Ireland,16557
2016,Israel,16725
2016,Italy,25945
2016,Japan,535238
2016,Jordan,718
2016,Korea,1475081
2016,Kuwait,6649
2016,Laos,1173
2016,Luxembourg,833
2016,Macau,9247
2016,Malaysia,139133
2016,Mexico,2924
2016,Myanmar,7442
2016,Nauru,17
2016,Nepal,3449
2016,Netherlands,31876
2016,New Zealand,23431
2016,Nigeria,1489
2016,Norway,21606
2016,Pakistan,4256
2016,Papua New Guinea,7738
2016,Peru,581
2016,Poland,8893
2016,Portugal,2999
2016,Qatar,4745
2016,Residences,57226
2016,Russian Federation,28210
2016,Saudi Arabia,56081
2016,Singapore,176057
2016,South Africa,5117
2016,Spain,32097
2016,Sri Lanka,5410
2016,Sweden,26062
2016,Switzerland,29420
2016,Taiwan,229303
2016,Thailand,47913
2016,Turkey,7884
2016,United Arab Emirates,17634
2016,United Kingdom,173299
2016,Usa,869463
2016,Venezuela,271
2016,Vietnam,33895
2017,Andorra,357
2017,Argentina,3157
2017,Australia,259433
2017,Austria,13524
2017,Bahrain,3795
2017,Bangladesh,4591
2017,Belgium,15703
2017,Brazil,6114
2017,Brunei,8679
2017,Cambodia,4712
2017,Canada,200640
2017,China,968447
2017,Colombia,1747
2017,Denmark,18445
2017,Egypt,2000
2017,Finland,6958
2017,France,64777
2017,Germany,85431
2017,Greece,3165
2017,Guam,36637
2017,Hong Kong,111135
2017,India,107278
2017,Indonesia,62923
2017,Iran,2598
2017,Ireland,18051
2017,Israel,17446
2017,Italy,30437
2017,Japan,584180
2017,Jordan,745
2017,Korea,1607821
2017,Kuwait,8082
2017,Laos,1580
2017,Luxembourg,722
2017,Macau,9111
2017,Malaysia,143566
2017,Mexico,5744
2017,Myanmar,9571
2017,Nauru,16
2017,Nepal,5328
2017,Netherlands,33821
2017,New Zealand,28983
2017,Nigeria,1558
2017,Norway,21890
2017,Pakistan,4369
2017,Papua New Guinea,8110
2017,Peru,1008
2017,Poland,10786
2017,Portugal,4189
2017,Qatar,4195
2017,Residences,61954
2017,Russian Federation,33279
2017,Saudi Arabia,54716
2017,Singapore,168637
2017,South Africa,6471
2017,Spain,36954
2017,Sri Lanka,5343
2017,Sweden,27703
2017,Switzerland,29837
2017,Taiwan,236777
2017,Thailand,48727
2017,Turkey,8408
2017,United Arab Emirates,16399
2017,United Kingdom,182708
2017,Usa,957813
2017,Venezuela,257
2017,Vietnam,39951
2018,Andorra,273
2018,Argentina,3468
2018,Australia,279828
2018,Austria,14193
2018,Bahrain,3638
2018,Bangladesh,5495
2018,Belgium,17285
2018,Brazil,7364
2018,Brunei,9533
2018,Cambodia,4154
2018,Canada,226446
2018,China,1257962
2018,Colombia,2389
2018,Denmark,17884
2018,Egypt,2155
2018,Finland,7219
2018,France,74400
2018,Germany,92098
2018,Greece,3453
2018,Guam,32357
2018,Hong Kong,117992
2018,India,121124
2018,Indonesia,76652
2018,Iran,2456
2018,Ireland,20051
2018,Israel,20343
2018,Italy,35182
2018,Japan,631821
2018,Jordan,1129
2018,Korea,1624251
2018,Kuwait,6448
2018,Laos,1183
2018,Luxembourg,930
2018,Macau,9336
2018,Malaysia,145246
2018,Mexico,4248
2018,Myanmar,9630
2018,Nauru,38
2018,Nepal,8696
2018,Netherlands,37051
2018,New Zealand,33341
2018,Nigeria,2104
2018,Norway,23571
2018,Oman,2735
2018,Pakistan,4999
2018,Papua New Guinea,8481
2018,Peru,1038
2018,Poland,12568
2018,Portugal,5549
2018,Qatar,3781
2018,Residences,71007
2018,Russian Federation,29967
2018,Saudi Arabia,46967
2018,Singapore,171796
2018,South Africa,7543
2018,Spain,44133
2018,Sri Lanka,6446
2018,Sweden,28085
2018,Switzerland,31075
2018,Taiwan,242411
2018,Thailand,59793
2018,Turkey,8615
2018,United Arab Emirates,15402
2018,United Kingdom,201044
2018,Usa,1034471
2018,Venezuela,423
2018,Vietnam,52334
2019,Andorra,25
2019,Argentina,3643
2019,Australia,286170
2019,Austria,14840
2019,Bahrain,3296
2019,Bangladesh,6630
2019,Belgium,19156
2019,Brazil,10035
2019,Brunei,8126
2019,Cambodia,5988
2019,Canada,238850
2019,China,1743309
2019,Colombia,3386
2019,Denmark,18535
2019,Egypt,3210
2019,Finland,8420
2019,France,88577
2019,Germany,103756
2019,Greece,3849
2019,Guam,19835
2019,Hong Kong,91653
2019,India,134963
2019,Indonesia,70819
2019,Iran,2290
2019,Ireland,21475
2019,Israel,22851
2019,Italy,38951
2019,Japan,682788
2019,Jordan,1931
2019,Korea,1989322
2019,Kuwait,6309
2019,Laos,1454
2019,Luxembourg,837
2019,Macau,8429
2019,Malaysia,139882
2019,Mexico,5154
2019,Myanmar,13978
2019,Nauru,93
2019,Nepal,6018
2019,Netherlands,41313
2019,New Zealand,37872
2019,Nigeria,3439
2019,Norway,23464
2019,Oman,2526
2019,Pakistan,5793
2019,Papua New Guinea,8828
2019,Peru,1660
2019,Poland,15816
2019,Portugal,8113
2019,Qatar,2491
2019,Residences,86799
2019,Russian Federation,36111
2019,Saudi Arabia,43748
2019,Singapore,158595
2019,South Africa,8553
2019,Spain,49748
2019,Sri Lanka,6412
2019,Sweden,27892
2019,Switzerland,29966
2019,Taiwan,327273
2019,Thailand,61292
2019,Turkey,8654
2019,United Arab Emirates,10192
2019,United Kingdom,209206
2019,Usa,1064440
2019,Venezuela,702
2019,Vietnam,66698
2020,Andorra,8
2020,Argentina,1432
2020,Australia,55330
2020,Austria,3875
2020,Bahrain,1094
2020,Bangladesh,1217
2020,Belgium,3756
2020,Brazil,2750
2020,Brunei,1037
2020,Cambodia,942
2020,Canada,55273
2020,China,170432
2020,Colombia,722
2020,Denmark,4848
2020,Egypt,1213
2020,Finland,2135
2020,France,24530
2020,Germany,25893
2020,Greece,1325
2020,Guam,2882
2020,Hong Kong,12444
2020,India,29014
2020,Indonesia,13734
2020,Iran,411
2020,Ireland,3621
2020,Israel,4745
2020,Italy,8976
2020,Japan,136664
2020,Jordan,397
2020,Korea,338877
2020,Kuwait,1171
2020,Laos,203
2020,Luxembourg,156
2020,Macau,789
2020,Malaysia,23359
2020,Mexico,983
2020,Myanmar,2877
2020,Nauru,5
2020,Nepal,940
2020,Netherlands,8961
2020,New Zealand,6883
2020,Nigeria,1042
2020,Norway,4365
2020,Oman,700
2020,Pakistan,1340
2020,Papua New Guinea,1434
2020,Peru,350
2020,Poland,5429
2020,Portugal,2072
2020,Qatar,987
2020,Residences,25590
2020,Russian Federation,12643
2020,Saudi Arabia,7014
2020,Singapore,19998
2020,South Africa,2159
2020,Spain,9621
2020,Sri Lanka,1117
2020,Sweden,6996
2020,Switzerland,7094
2020,Taiwan,48644
2020,Thailand,9788
2020,Turkey,3619
2020,United Arab Emirates,2518
2020,United Kingdom,39980
2020,Usa,211816
2020,Venezuela,185
2020,Vietnam,11406
2021,Andorra,1
2021,Argentina,204
2021,Australia,2184
2021,Austria,381
2021,Bahrain,1864
2021,Bangladesh,323
2021,Belgium,648
2021,Brazil,612
2021,Brunei,37
2021,Cambodia,40
2021,Canada,6781
2021,China,9674
2021,Colombia,184
2021,Denmark,353
2021,Egypt,1076
2021,Finland,212
2021,France,1425
2021,Germany,2037
2021,Greece,500
2021,Guam,644
2021,Hong Kong,354
2021,India,7202
2021,Indonesia,1888
2021,Iran,172
2021,Ireland,600
2021,Israel,452
2021,Italy,1212
2021,Japan,15024
2021,Jordan,209
2021,Korea,6456
2021,Kuwait,662
2021,Laos,15
2021,Luxembourg,27
2021,Macau,27
2021,Malaysia,1620
2021,Mexico,243
2021,Myanmar,271
2021,Nauru,0
2021,Nepal,178
2021,Netherlands,1510
2021,New Zealand,345
2021,Nigeria,300
2021,Norway,508
2021,Oman,905
2021,Pakistan,584
2021,Papua New Guinea,381
2021,Peru,59
2021,Poland,520
2021,Portugal,339
2021,Qatar,1308
2021,Residences,8568
2021,Russian Federation,1027
2021,Saudi Arabia,2252
2021,Singapore,653
2021,South Africa,826
2021,Spain,1220
2021,Sri Lanka,301
2021,Sweden,508
2021,Switzerland,598
2021,Taiwan,1619
2021,Thailand,1464
2021,Turkey,4374
2021,United Arab Emirates,2733
2021,United Kingdom,4348
2021,Usa,39326
2021,Venezuela,75
2021,Vietnam,1785
2022,Afghanistan,98
2022,Albania,147
2022,Algeria,269
2022,American Samoa,189
2022,Andorra,117
2022,Angola,116
2022,Anguilla,25
2022,Antarctica,1
2022,Argentina,943
2022,Armenia,303
2022,Aruba,4
2022,Australia,137974
2022,Austria,8016
2022,Azerbaijan,51
2022,Bahamas,55
2022,Bahrain,1494
2022,Bangladesh,2386
2022,Barbados,33
2022,Belarus,199
2022,Belgium,8961
2022,Belize,36
2022,Benin,38
2022,Bermuda,78
2022,Bhutan,105
2022,Bolivia,115
2022,Bosnia,107
2022,Botswana,47
2022,Brazil,3010
2022,British Virgin Islands,39
2022,Brunei,1884
2022,Bulgaria,999
2022,Burkina Faso,20
2022,Burundi,36
2022,Cabo Verde,38
2022,Cambodia,1454
2022,Cameroon,543
2022,Canada,121413
2022,Cayman Islands,51
2022,Central African Republic,7
2022,Chad,173
2022,Chile,738
2022,China,39627
2022,Colombia,1346
2022,Comoros,32
2022,Congo Republic Of Cap Brazzaville,65
2022,Cook Islands,9
2022,Costa Rica,302
2022,Croatia,842
2022,Cuba,33
2022,Cyprus,593
2022,Czech Republic,2007
2022,Denmark,7362
2022,Djibouti,19
2022,Dominican Republic,195
2022,Ecuador,222
2022,Egypt,1715
2022,El Salvador,159
2022,Equatorial Guinea,25
2022,Eritrea,132
2022,Estonia,417
2022,Eswatini,25
2022,Ethiopia,232
2022,Faroe Islands,51
2022,Fiji,428
2022,Finland,2681
2022,France,23949
2022,French Polynesia,2
2022,Gabon,23
2022,Gambia,36
2022,Georgia,94
2022,Germany,39013
2022,Ghana,368
2022,Gibraltar,11
2022,Greece,1720
2022,Greenland,1
2022,Grenada,47
2022,Guam,2875
2022,Guatemala,157
2022,Guinea,52
2022,Guinea-Bissau,8
2022,Guyana,40
2022,Haiti,65
2022,Honduras,109
2022,Hong Kong,8589
2022,Hungary,1292
2022,Iceland,988
2022,India,51542
2022,Indonesia,24596
2022,Iran,805
2022,Iraq,155
2022,Ireland,12009
2022,Israel,9711
2022,Italy,12933
2022,Jamaica,208
2022,Japan,99557
2022,Jordan,607
2022,Kazakhstan,715
2022,Kenya,560
2022,Kiribati,29
2022,Kosovo,14
2022,Kuwait,2108
2022,Kyrgyzstan,237
2022,Laos,484
2022,Latvia,433
2022,Lebanon,803
2022,Lesotho,8
2022,Liberia,88
2022,Libya,51
2022,Liechtenstein,49
2022,Lithuania,951
2022,Luxembourg,333
2022,Macau,209
2022,Macedonia,86
2022,Madagascar,119
2022,Malawi,45
2022,Malaysia,46805
2022,Maldives,674
2022,Mali,111
2022,Malta,367
2022,Marshall Islands,223
2022,Martinique,2
2022,Mauritania,24
2022,Mauritius,253
2022,Mexico,1843
2022,Micronesia,517
2022,Moldova,69
2022,Monaco,14
2022,Mongolia,1997
2022,Montenegro,37
2022,Morocco,1459
2022,Mozambique,58
2022,Myanmar,4255
2022,Namibia,156
2022,Nauru,12
2022,Nepal,2016
2022,Netherlands,19306
2022,New Zealand,17503
2022,Nicaragua,71
2022,Niger,57
2022,Nigeria,1999
2022,Niue,6
2022,North Korea,468
2022,Northern Ireland,23
2022,Northern Mariana Islands,44
2022,Norway,12004
2022,Oman,1103
2022,Pakistan,2306
2022,Palau,826
2022,Palestine,166
2022,Panama,160
2022,Papua New Guinea,1557
2022,Paraguay,53
2022,Peru,512
2022,Pitcairn Islands,15
2022,Poland,4222
2022,Portugal,2495
2022,Puerto Rico,229
2022,Qatar,661
2022,Reunion,4
2022,Romania,2656
2022,Russian Federation,8040
2022,Rwanda,71
2022,Saint Helena,11
2022,Saint Lucia,33
2022,Samoa,75
2022,San Marino,15
2022,Saudi Arabia,10414
2022,Scotland,415
2022,Senegal,64
2022,Serbia,502
2022,Seychelles,55
2022,Sierra Leone,42
2022,Singapore,53448
2022,Slovakia,868
2022,Slovenia,507
2022,Solomon Islands,102
2022,Somalia,60
2022,South Africa,3307
2022,South Korea,428014
2022,South Sudan,46
2022,Spain,19194
2022,Sri Lanka,1801
2022,Stateless,47
2022,Sudan,257
2022,Suriname,25
2022,Sweden,9389
2022,Switzerland,11092
2022,Syria,445
2022,Taiwan,23604
2022,Tajikistan,97
2022,Tanzania,225
2022,Thailand,16300
2022,Togo,29
2022,Tonga,73
2022,Tunisia,935
2022,Turkey,5859
2022,Turkmenistan,81
2022,Tuvalu,17
2022,Uganda,220
2022,Ukraine,836
2022,United Arab Emirates,2084
2022,United Kingdom,101034
2022,Uruguay,213
2022,Usa,505089
2022,Uzbekistan,495
2022,Vanuatu,208
2022,Vatican City State,27
2022,Venezuela,245
2022,Vietnam,38605
2022,Virgin Islands Us,13
2022,Wales,18
2022,Yemen,366
2022,Zambia,84
2022,Zimbabwe,215
2023,Afghanistan,11
2023,Aland Islands,80
2023,Albania,23
2023,Algeria,79
2023,American Samoa,25
2023,Andorra,5
2023,Angola,26
2023,Anguilla,10
2023,Antarctica,9
2023,Antigua And Barbuda,31
2023,Argentina,1809
2023,Armenia,23
2023,Aruba,103
2023,Australia,266551
2023,Austria,13180
2023,Azerbaijan,76
2023,Bahamas,112
2023,Bahrain,5886
2023,Bangladesh,4191
2023,Barbados,31
2023,Belarus,53
2023,Belgium,14459
2023,Belize,49
2023,Benin,39
2023,Bermuda,29
2023,Bhutan,21
2023,Bolivia,13
2023,Bonaire Sint Eustatius And Saba,22
2023,Bosnia And Herzegovina,135
2023,Botswana,166
2023,Brazil,4275
2023,British Indian Ocean Territory,20
2023,British Virgin Islands,32
2023,Brunei,6639
2023,Bulgaria,2152
2023,Burkina Faso,66
2023,Burundi,44
2023,Cabo Verde,14
2023,Cambodia,3999
2023,Canada,221920
2023,Cayman Islands,13
2023,Central African Republic,34
2023,Chad,33
2023,Chile,1547
2023,China,263836
2023,Christmas Island,5
2023,Cocos Keeling Islands,6
2023,Colombia,1843
2023,Comoros,12
2023,Congo Democratic Republic Of,10
2023,Congo Republic Of Cap Brazzaville,54
2023,Cook Islands,48
2023,Costa Rica,38
2023,Cote Divoire Ivory Coast,12
2023,Croatia,1334
2023,Cuba,9
2023,Curacao,33
2023,Cyprus,1332
2023,Czech Republic,5812
2023,Denmark,12294
2023,Djibouti,10
2023,Dominica,22
2023,Dominican Republic,18
2023,Ecuador,21
2023,Egypt,1354
2023,El Salvador,5
2023,Equatorial Guinea,20
2023,Eritrea,8
2023,Estonia,1243
2023,Eswatini,107
2023,Ethiopia,30
2023,Falkland Islands Malvinas,28
2023,Fiji,737
2023,Finland,4533
2023,France,51601
2023,French Guiana,27
2023,French Polynesia,114
2023,French Southern Territories,12
2023,Gabon,25
2023,Gambia,44
2023,Georgia,20
2023,Germany,74731
2023,Ghana,603
2023,Greece,3095
2023,Greenland,42
2023,Grenada,44
2023,Guadeloupe,30
2023,Guam,35501
2023,Guatemala,14
2023,Guernsey,18
2023,Guinea,63
2023,Guyana,28
2023,Haiti,30
2023,Honduras,7
2023,Hong Kong,80512
2023,Hungary,2319
2023,Iceland,1267
2023,India,70286
2023,Indonesia,53707
2023,Iran,1172
2023,Iraq,17
2023,Ireland,16379
2023,Israel,13334
2023,Italy,22496
2023,Jamaica,18
2023,Japan,305580
2023,Jersey,32
2023,Kazakhstan,1415
2023,Kenya,963
2023,Kiribati,71
2023,Kuwait,6915
2023,Kyrgyzstan,33
2023,Laos,988
2023,Latvia,1250
2023,Lebanon,603
2023,Lesotho,11
2023,Liberia,133
2023,Libya,89
2023,Liechtenstein,120
2023,Lithuania,1868
2023,Luxembourg,962
2023,Macau,4593
2023,Macedonia,92
2023,Malawi,103
2023,Malaysia,97639
2023,Maldives,1252
2023,Mali,27
2023,Malta,1178
2023,Martinique,31
2023,Mauritania,9
2023,Mauritius,43
2023,Mayotte,1
2023,Mexico,2833
2023,Micronesia,914
2023,Moldova,23
2023,Monaco,136
2023,Mongolia,4665
2023,Montenegro,76
2023,Montserrat,2
2023,Morocco,3558
2023,Mozambique,109
2023,Myanmar,6395
2023,Namibia,139
2023,Nauru,13
2023,Nepal,3646
2023,Netherlands,31956
2023,New Caledonia,33
2023,New Zealand,29272
2023,Nicaragua,89
2023,Niger,14
2023,Nigeria,3301
2023,Niue,6
2023,Norfolk Island,9
2023,North Korea,3
2023,Northern Mariana Islands,2588
2023,Norway,20000
2023,Oman,2695
2023,Pakistan,3109
2023,Palau,1346
2023,Palestine State,59
2023,Panama,22
2023,Papua New Guinea,6243
2023,Paraguay,130
2023,Peru,737
2023,Poland,9923
2023,Portugal,4171
2023,Puerto Rico,40
2023,Qatar,10438
2023,Reunion,145
2023,Romania,4171
2023,Russian Federation,23104
2023,Rwanda,134
2023,Saint Barthelemy,1
2023,Saint Helena,8
2023,Saint Kitts And Nevis,95
2023,Saint Lucia,37
2023,Saint Martin French Part,8
2023,Saint Pierre And Miquelon,1
2023,Saint Vincent And The Grenadines,25
2023,Samoa,120
2023,San Marino,30
2023,Sao Tome And Principe,9
2023,Saudi Arabia,19311
2023,Senegal,121
2023,Serbia,1101
2023,Seychelles,91
2023,Sierra Leone,23
2023,Singapore,149230
2023,Sint Maarten Dutch Part,38
2023,Slovakia,2177
2023,Slovenia,1318
2023,Solomon Islands,29
2023,Somalia,13
2023,South Africa,4525
2023,South Georgia And The South Sandwich Islands,2
2023,South Korea,1450858
2023,Spain,34063
2023,Sri Lanka,2779
2023,Sudan,7
2023,Suriname,42
2023,Sweden,16789
2023,Switzerland,24048
2023,Syria,10
2023,Taiwan,194851
2023,Tajikistan,28
2023,Tanzania,25
2023,Thailand,40952
2023,Timor,33
2023,Togo,50
2023,Tonga,122
2023,Trinidad And Tobago,7
2023,Tunisia,882
2023,Turkey,10026
2023,Turkmenistan,116
2023,Turks And Caicos,33
2023,Tuvalu,34
2023,Uganda,31
2023,Ukraine,854
2023,United Arab Emirates,33769
2023,United Kingdom,154698
2023,United States Minor Outlying Islands,2291
2023,Uruguay,1725
2023,Usa,903299
2023,Uzbekistan,701
2023,Vanuatu,15
2023,Vatican City State,2
2023,Vietnam,67661
2023,Virgin Islands Us,56
2023,Wallis And Futuna,1
2023,Western Sahara,1
2023,Yemen,51
2023,Zambia,24
2023,Zimbabwe,47
2024,Afghanistan,97
2024,Aland Islands,129
2024,Albania,212
2024,Algeria,115
2024,American Samoa,194
2024,Andorra,253
2024,Angola,195
2024,Anguilla,16
2024,Antarctica,3
2024,Antigua And Barbuda,37
2024,Argentina,2725
2024,Armenia,384
2024,Aruba,104
2024,Australia,272215
2024,Austria,14199
2024,Azerbaijan,98
2024,Bahamas,118
2024,Bahrain,6431
2024,Bangladesh,4814
2024,Barbados,57
2024,Belarus,530
2024,Belgium,15094
2024,Belize,54
2024,Benin,42
2024,Bermuda,244
2024,Bhutan,380
2024,Bolivia,152
2024,Bonaire Sint Eustatius And Saba,13
2024,Bosnia And Herzegovina,160
2024,Botswana,74
2024,Brazil,5116
2024,British Indian Ocean Territory,184
2024,British Virgin Islands,38
2024,Brunei,6011
2024,Bulgaria,2604
2024,Burkina Faso,62
2024,Burundi,46
2024,Cabo Verde,14
2024,Cambodia,4010
2024,Cameroon,841
2024,Canada,223944
2024,Cayman Islands,238
2024,Central African Republic,19
2024,Chad,32
2024,Chile,1995
2024,China,312222
2024,Christmas Island,10
2024,Cocos Keeling Islands,0
2024,Colombia,2034
2024,Comoros,11
2024,Congo Democratic Republic Of,210
2024,Congo Republic Of Cap Brazzaville,51
2024,Cook Islands,63
2024,Costa Rica,616
2024,Cote Divoire Ivory Coast,212
2024,Croatia,1552
2024,Cuba,9
2024,Curacao,34
2024,Cyprus,1455
2024,Czech Republic,6993
2024,Denmark,13759
2024,Djibouti,18
2024,Dominica,33
2024,Dominican Republic,158
2024,Ecuador,456
2024,Egypt,1408
2024,El Salvador,154
2024,Equatorial Guinea,44
2024,Eritrea,27
2024,Estonia,1456
2024,Eswatini,77
2024,Ethiopia,331
2024,Falkland Islands Malvinas,40
2024,Faroe Islands,156
2024,Fiji,909
2024,Finland,4935
2024,France,60743
2024,French Guiana,11
2024,French Polynesia,153
2024,French Southern Territories,36
2024,Gabon,31
2024,Gambia,51
2024,Georgia,405
2024,Germany,79886
2024,Ghana,900
2024,Gibraltar,145
2024,Greece,3381
2024,Greenland,44
2024,Grenada,22
2024,Guadeloupe,31
2024,Guam,37609
2024,Guatemala,312
2024,Guernsey,180
2024,Guinea,75
2024,Guyana,48
2024,Haiti,68
2024,Honduras,211
2024,Hong Kong,79276
2024,Hungary,2786
2024,Iceland,1467
2024,India,78995
2024,Indonesia,57085
2024,Iran,1072
2024,Iraq,258
2024,Ireland,16111
2024,Isle Of Man,524
2024,Israel,15537
2024,Italy,29943
2024,Jamaica,266
2024,Japan,388316
2024,Jersey,358
2024,Jordan,570
2024,Kazakhstan,2044
2024,Kenya,862
2024,Kiribati,87
2024,Kosovo,13
2024,Kuwait,7702
2024,Kyrgyzstan,432
2024,Laos,1113
2024,Latvia,1268
2024,Lebanon,559
2024,Lesotho,20
2024,Liberia,141
2024,Libya,89
2024,Liechtenstein,117
2024,Lithuania,1983
2024,Luxembourg,1111
2024,Macau,4470
2024,Macedonia,99
2024,Madagascar,198
2024,Malawi,108
2024,Malaysia,95713
2024,Maldives,1510
2024,Mali,42
2024,Malta,1293
2024,Marshall Islands,595
2024,Martinique,24
2024,Mauritania,16
2024,Mauritius,430
2024,Mayotte,2
2024,Mexico,3269
2024,Micronesia,1122
2024,Moldova,177
2024,Monaco,165
2024,Mongolia,4262
2024,Montenegro,117
2024,Montserrat,1
2024,Morocco,1861
2024,Mozambique,91
2024,Myanmar,9143
2024,Namibia,119
2024,Nauru,37
2024,Nepal,4050
2024,Netherlands,34726
2024,New Caledonia,216
2024,New Zealand,28193
2024,Nicaragua,118
2024,Niger,16
2024,Nigeria,2292
2024,Niue,19
2024,Norfolk Island,7
2024,North Korea,10
2024,Northern Mariana Islands,2256
2024,Norway,19100
2024,Oman,4277
2024,Pakistan,4202
2024,Palau,1293
2024,Palestine State,36
2024,Panama,315
2024,Papua New Guinea,8512
2024,Paraguay,138
2024,Peru,866
2024,Poland,15294
2024,Portugal,5306
2024,Puerto Rico,333
2024,Qatar,11796
2024,Reunion,172
2024,Romania,5431
2024,Russian Federation,27602
2024,Rwanda,109
2024,Saint Barthelemy,11
2024,Saint Helena,2
2024,Saint Kitts And Nevis,104
2024,Saint Lucia,69
2024,Saint Martin French Part,5
2024,Saint Pierre And Miquelon,1
2024,Saint Vincent And The Grenadines,23
2024,Samoa,165
2024,San Marino,35
2024,Sao Tome And Principe,1
2024,Saudi Arabia,22429
2024,Senegal,153
2024,Serbia,1173
2024,Seychelles,73
2024,Sierra Leone,22
2024,Singapore,157264
2024,Sint Maarten Dutch Part,36
2024,Slovakia,2551
2024,Slovenia,1810
2024,Solomon Islands,474
2024,Somalia,23
2024,South Africa,5018
2024,South Georgia And The South Sandwich Islands,0
2024,South Korea,1569071
2024,Spain,46146
2024,Sri Lanka,2955
2024,Sudan,146
2024,Suriname,32
2024,Svalbard And Jan Mayen,5
2024,Sweden,18144
2024,Switzerland,27050
2024,Syria,228
2024,Taiwan,208736
2024,Tajikistan,274
2024,Tanzania,379
2024,Thailand,45896
2024,Timor,674
2024,Togo,70
2024,Tonga,143
2024,Trinidad And Tobago,230
2024,Tunisia,872
2024,Turkey,13012
2024,Turkmenistan,218
2024,Turks And Caicos,56
2024,Tuvalu,43
2024,Uganda,400
2024,Ukraine,1187
2024,United Arab Emirates,40026
2024,United Kingdom,160296
2024,United States Minor Outlying Islands,12265
2024,Uruguay,1099
2024,Usa,947891
2024,Uzbekistan,830
2024,Vanuatu,295
2024,Vatican City State,2
2024,Venezuela,172
2024,Vietnam,58098
2024,Virgin Islands Us,50
2024,Wallis And Futuna,18
2024,Western Sahara,0
2024,Yemen,53
2024,Zambia,255
2024,Zimbabwe,486
2025,Afghanistan,228
2025,Aland Islands,84
2025,Albania,127
2025,Algeria,76
2025,American Samoa,126
2025,Andorra,186
2025,Angola,138
2025,Anguilla,19
2025,Antarctica,2
2025,Argentina,2189
2025,Armenia,304
2025,Aruba,86
2025,Australia,217209
2025,Austria,10494
2025,Azerbaijan,97
2025,Bahamas,104
2025,Bahrain,4098
2025,Bangladesh,6606
2025,Barbados,32
2025,Belarus,482
2025,Belgium,11902
2025,Belize,50
2025,Benin,37
2025,Bermuda,146
2025,Bhutan,258
2025,Bolivia,82
2025,Bonaire Sint Eustatius And Saba,14
2025,Bosnia And Herzegovina,139
2025,Botswana,84
2025,Brazil,3764
2025,British Indian Ocean Territory,90
2025,British Virgin Islands,21
2025,Brunei,3891
2025,Bulgaria,2169
2025,Burundi,13
2025,Cabo Verde,13
2025,Cambodia,2629
2025,Cameroon,592
2025,Canada,187189
2025,Cayman Islands,202
2025,Central African Republic,11
2025,Chad,40
2025,Chile,1494
2025,China,202738
2025,Christmas Island,4
2025,Colombia,1298
2025,Comoros,8
2025,Congo Democratic Republic Of,105
2025,Congo Republic Of Cap Brazzaville,52
2025,Costa Rica,391
2025,Cote Divoire Ivory Coast,156
2025,Croatia,1039
2025,Cuba,31
2025,Curacao,29
2025,Cyprus,1079
2025,Czech Republic,4865
2025,Denmark,11020
2025,Djibouti,23
2025,Dominica,29
2025,Dominican Republic,144
2025,Ecuador,311
2025,Egypt,978
2025,El Salvador,129
2025,Equatorial Guinea,43
2025,Eritrea,18
2025,Estonia,913
2025,Eswatini,60
2025,Ethiopia,261
2025,Falkland Islands Malvinas,19
2025,Faroe Islands,131
2025,Fiji,535
2025,Finland,3897
2025,France,53975
2025,French Guiana,18
2025,French Polynesia,128
2025,Gabon,21
2025,Gambia,26
2025,Georgia,388
2025,Germany,59240
2025,Ghana,589
2025,Gibraltar,123
2025,Greece,2593
2025,Greenland,44
2025,Grenada,16
2025,Guadeloupe,10
2025,Guam,29233
2025,Guatemala,216
2025,Guernsey,143
2025,Guinea,80
2025,Guyana,39
2025,Haiti,46
2025,Honduras,129
2025,Hong Kong,57419
2025,Hungary,2221
2025,Iceland,1112
2025,India,66269
2025,Indonesia,34154
2025,Iran,670
2025,Iraq,110
2025,Ireland,13233
2025,Isle Of Man,346
2025,Israel,17861
2025,Italy,25310
2025,Jamaica,154
2025,Japan,344513
2025,Jersey,253
2025,Jordan,398
2025,Kazakhstan,1360
2025,Kenya,599
2025,Kiribati,67
2025,Kosovo,18
2025,Kuwait,5277
2025,Kyrgyzstan,291
2025,Laos,743
2025,Latvia,804
2025,Lebanon,361
2025,Lesotho,14
2025,Liberia,129
2025,Libya,78
2025,Liechtenstein,77
2025,Lithuania,1688
2025,Luxembourg,929
2025,Macau,3268
2025,Macedonia,115
2025,Madagascar,100
2025,Malawi,95
2025,Malaysia,71191
2025,Maldives,1146
2025,Mali,29
2025,Malta,966
2025,Marshall Islands,449
2025,Martinique,11
2025,Mauritania,14
2025,Mauritius,307
2025,Mayotte,2
2025,Mexico,2631
2025,Micronesia,877
2025,Moldova,151
2025,Monaco,122
2025,Mongolia,2793
2025,Montenegro,76
2025,Morocco,1334
2025,Mozambique,56
2025,Myanmar,2902
2025,Namibia,82
2025,Nauru,18
2025,Nepal,3226
2025,Netherlands,28239
2025,New Caledonia,134
2025,New Zealand,21363
2025,Nicaragua,60
2025,Niger,17
2025,Nigeria,1127
2025,Niue,3
2025,Norfolk Island,2
2025,North Korea,0
2025,Northern Mariana Islands,1700
2025,Norway,15450
2025,Oman,2986
2025,Pakistan,3310
2025,Palau,758
2025,Palestine State,28
2025,Panama,240
2025,Papua New Guinea,7249
2025,Paraguay,118
2025,Peru,696
2025,Poland,14226
2025,Portugal,3783
2025,Puerto Rico,179
2025,Qatar,8097
2025,Reunion,133
2025,Romania,4543
2025,Russian Federation,20023
2025,Rwanda,54
2025,Saint Barthelemy,7
2025,Saint Helena,1
2025,Saint Kitts And Nevis,62
2025,Saint Lucia,45
2025,Saint Martin French Part,11
2025,Saint Pierre And Miquelon,0
2025,Saint Vincent And The Grenadines,16
2025,Samoa,114
2025,San Marino,36
2025,Sao Tome And Principe,4
2025,Saudi Arabia,16300
2025,Senegal,77
2025,Serbia,917
2025,Seychelles,82
2025,Sierra Leone,15
2025,Singapore,115374
2025,Sint Maarten Dutch Part,24
2025,Slovakia,2113
2025,Slovenia,1401
2025,Solomon Islands,511
2025,Somalia,16
2025,South Africa,3532
2025,South Georgia And The South Sandwich Islands,0
2025,South Korea,955699
2025,Spain,35831
2025,Sri Lanka,1996
2025,Sudan,92
2025,Suriname,24
2025,Svalbard And Jan Mayen,2
2025,Sweden,12981
2025,Switzerland,19337
2025,Syria,132
2025,Taiwan,149959
2025,Tajikistan,311
2025,Tanzania,238
2025,Thailand,35310
2025,Timor,630
2025,Togo,29
2025,Tonga,68
2025,Trinidad And Tobago,163
2025,Tunisia,523
2025,Turkey,8999
2025,Turkmenistan,224
2025,Turks And Caicos,53
2025,Tuvalu,27
2025,Uganda,147
2025,Ukraine,772
2025,United Arab Emirates,27011
2025,United Kingdom,126301
2025,United States Minor Outlying Islands,12864
2025,Uruguay,939
2025,Usa,743998
2025,Uzbekistan,627
2025,Vanuatu,192
2025,Vatican City State,2
2025,Venezuela,132
2025,Vietnam,25644
2025,Virgin Islands Us,31
2025,Wallis And Futuna,1
2025,Yemen,43
2025,Zambia,133
2025,Zimbabwe,352
